lat,lon,year,month
32.0,-117.0,2019,7
32.0,-117.0,2019,8
32.0,-117.0,2019,9
32.0,-117.0,2019,10
32.0,-117.0,2019,11
32.0,-117.0,2019,12
32.0,-117.0,2020,1
32.0,-117.0,2020,2
32.0,-117.0,2020,3
32.0,-117.0,2020,4
32.0,-117.0,2020,5
32.0,-117.0,2020,6
32.0,-117.0,2020,7
32.0,-117.0,2020,8
32.0,-117.0,2020,9
32.0,-117.0,2020,10
32.0,-117.0,2020,11
32.0,-117.0,2020,12
32.0,-117.0,2021,1
32.0,-117.0,2021,2
32.0,-117.0,2021,3
32.0,-117.0,2021,4
32.0,-117.0,2021,5
32.0,-117.0,2021,6
32.0,-117.0,2021,7
32.0,-117.0,2021,8
32.0,-117.0,2021,9
32.0,-117.0,2021,10
32.0,-117.0,2021,11
32.0,-117.0,2021,12
32.0,-116.0,2019,7
32.0,-116.0,2019,8
32.0,-116.0,2019,9
32.0,-116.0,2019,10
32.0,-116.0,2019,11
32.0,-116.0,2019,12
32.0,-116.0,2020,1
32.0,-116.0,2020,2
32.0,-116.0,2020,3
32.0,-116.0,2020,4
32.0,-116.0,2020,5
32.0,-116.0,2020,6
32.0,-116.0,2020,7
32.0,-116.0,2020,8
32.0,-116.0,2020,9
32.0,-116.0,2020,10
32.0,-116.0,2020,11
32.0,-116.0,2020,12
32.0,-116.0,2021,1
32.0,-116.0,2021,2
32.0,-116.0,2021,3
32.0,-116.0,2021,4
32.0,-116.0,2021,5
32.0,-116.0,2021,6
32.0,-116.0,2021,7
32.0,-116.0,2021,8
32.0,-116.0,2021,9
32.0,-116.0,2021,10
32.0,-116.0,2021,11
32.0,-116.0,2021,12
32.0,-115.0,2019,7
32.0,-115.0,2019,8
32.0,-115.0,2019,9
32.0,-115.0,2019,10
32.0,-115.0,2019,11
32.0,-115.0,2019,12
32.0,-115.0,2020,1
32.0,-115.0,2020,2
32.0,-115.0,2020,3
32.0,-115.0,2020,4
32.0,-115.0,2020,5
32.0,-115.0,2020,6
32.0,-115.0,2020,7
32.0,-115.0,2020,8
32.0,-115.0,2020,9
32.0,-115.0,2020,10
32.0,-115.0,2020,11
32.0,-115.0,2020,12
32.0,-115.0,2021,1
32.0,-115.0,2021,2
32.0,-115.0,2021,3
32.0,-115.0,2021,4
32.0,-115.0,2021,5
32.0,-115.0,2021,6
32.0,-115.0,2021,7
32.0,-115.0,2021,8
32.0,-115.0,2021,9
32.0,-115.0,2021,10
32.0,-115.0,2021,11
32.0,-115.0,2021,12
33.0,-119.0,2019,7
33.0,-119.0,2019,8
33.0,-119.0,2019,9
33.0,-119.0,2019,10
33.0,-119.0,2019,11
33.0,-119.0,2019,12
33.0,-119.0,2020,1
33.0,-119.0,2020,2
33.0,-119.0,2020,3
33.0,-119.0,2020,4
33.0,-119.0,2020,5
33.0,-119.0,2020,6
33.0,-119.0,2020,7
33.0,-119.0,2020,8
33.0,-119.0,2020,9
33.0,-119.0,2020,10
33.0,-119.0,2020,11
33.0,-119.0,2020,12
33.0,-119.0,2021,1
33.0,-119.0,2021,2
33.0,-119.0,2021,3
33.0,-119.0,2021,4
33.0,-119.0,2021,5
33.0,-119.0,2021,6
33.0,-119.0,2021,7
33.0,-119.0,2021,8
33.0,-119.0,2021,9
33.0,-119.0,2021,10
33.0,-119.0,2021,11
33.0,-119.0,2021,12
33.0,-118.0,2019,7
33.0,-118.0,2019,8
33.0,-118.0,2019,9
33.0,-118.0,2019,10
33.0,-118.0,2019,11
33.0,-118.0,2019,12
33.0,-118.0,2020,1
33.0,-118.0,2020,2
33.0,-118.0,2020,3
33.0,-118.0,2020,4
33.0,-118.0,2020,5
33.0,-118.0,2020,6
33.0,-118.0,2020,7
33.0,-118.0,2020,8
33.0,-118.0,2020,9
33.0,-118.0,2020,10
33.0,-118.0,2020,11
33.0,-118.0,2020,12
33.0,-118.0,2021,1
33.0,-118.0,2021,2
33.0,-118.0,2021,3
33.0,-118.0,2021,4
33.0,-118.0,2021,5
33.0,-118.0,2021,6
33.0,-118.0,2021,7
33.0,-118.0,2021,8
33.0,-118.0,2021,9
33.0,-118.0,2021,10
33.0,-118.0,2021,11
33.0,-118.0,2021,12
33.0,-117.0,2019,7
33.0,-117.0,2019,8
33.0,-117.0,2019,9
33.0,-117.0,2019,10
33.0,-117.0,2019,11
33.0,-117.0,2019,12
33.0,-117.0,2020,1
33.0,-117.0,2020,2
33.0,-117.0,2020,3
33.0,-117.0,2020,4
33.0,-117.0,2020,5
33.0,-117.0,2020,6
33.0,-117.0,2020,7
33.0,-117.0,2020,8
33.0,-117.0,2020,9
33.0,-117.0,2020,10
33.0,-117.0,2020,11
33.0,-117.0,2020,12
33.0,-117.0,2021,1
33.0,-117.0,2021,2
33.0,-117.0,2021,3
33.0,-117.0,2021,4
33.0,-117.0,2021,5
33.0,-117.0,2021,6
33.0,-117.0,2021,7
33.0,-117.0,2021,8
33.0,-117.0,2021,9
33.0,-117.0,2021,10
33.0,-117.0,2021,11
33.0,-117.0,2021,12
33.0,-116.0,2019,7
33.0,-116.0,2019,8
33.0,-116.0,2019,9
33.0,-116.0,2019,10
33.0,-116.0,2019,11
33.0,-116.0,2019,12
33.0,-116.0,2020,1
33.0,-116.0,2020,2
33.0,-116.0,2020,3
33.0,-116.0,2020,4
33.0,-116.0,2020,5
33.0,-116.0,2020,6
33.0,-116.0,2020,7
33.0,-116.0,2020,8
33.0,-116.0,2020,9
33.0,-116.0,2020,10
33.0,-116.0,2020,11
33.0,-116.0,2020,12
33.0,-116.0,2021,1
33.0,-116.0,2021,2
33.0,-116.0,2021,3
33.0,-116.0,2021,4
33.0,-116.0,2021,5
33.0,-116.0,2021,6
33.0,-116.0,2021,7
33.0,-116.0,2021,8
33.0,-116.0,2021,9
33.0,-116.0,2021,10
33.0,-116.0,2021,11
33.0,-116.0,2021,12
33.0,-115.0,2019,7
33.0,-115.0,2019,8
33.0,-115.0,2019,9
33.0,-115.0,2019,10
33.0,-115.0,2019,11
33.0,-115.0,2019,12
33.0,-115.0,2020,1
33.0,-115.0,2020,2
33.0,-115.0,2020,3
33.0,-115.0,2020,4
33.0,-115.0,2020,5
33.0,-115.0,2020,6
33.0,-115.0,2020,7
33.0,-115.0,2020,8
33.0,-115.0,2020,9
33.0,-115.0,2020,10
33.0,-115.0,2020,11
33.0,-115.0,2020,12
33.0,-115.0,2021,1
33.0,-115.0,2021,2
33.0,-115.0,2021,3
33.0,-115.0,2021,4
33.0,-115.0,2021,5
33.0,-115.0,2021,6
33.0,-115.0,2021,7
33.0,-115.0,2021,8
33.0,-115.0,2021,9
33.0,-115.0,2021,10
33.0,-115.0,2021,11
33.0,-115.0,2021,12
34.0,-121.0,2019,7
34.0,-121.0,2019,8
34.0,-121.0,2019,9
34.0,-121.0,2019,10
34.0,-121.0,2019,11
34.0,-121.0,2019,12
34.0,-121.0,2020,1
34.0,-121.0,2020,2
34.0,-121.0,2020,3
34.0,-121.0,2020,4
34.0,-121.0,2020,5
34.0,-121.0,2020,6
34.0,-121.0,2020,7
34.0,-121.0,2020,8
34.0,-121.0,2020,9
34.0,-121.0,2020,10
34.0,-121.0,2020,11
34.0,-121.0,2020,12
34.0,-121.0,2021,1
34.0,-121.0,2021,2
34.0,-121.0,2021,3
34.0,-121.0,2021,4
34.0,-121.0,2021,5
34.0,-121.0,2021,6
34.0,-121.0,2021,7
34.0,-121.0,2021,8
34.0,-121.0,2021,9
34.0,-121.0,2021,10
34.0,-121.0,2021,11
34.0,-121.0,2021,12
34.0,-120.0,2019,7
34.0,-120.0,2019,8
34.0,-120.0,2019,9
34.0,-120.0,2019,10
34.0,-120.0,2019,11
34.0,-120.0,2019,12
34.0,-120.0,2020,1
34.0,-120.0,2020,2
34.0,-120.0,2020,3
34.0,-120.0,2020,4
34.0,-120.0,2020,5
34.0,-120.0,2020,6
34.0,-120.0,2020,7
34.0,-120.0,2020,8
34.0,-120.0,2020,9
34.0,-120.0,2020,10
34.0,-120.0,2020,11
34.0,-120.0,2020,12
34.0,-120.0,2021,1
34.0,-120.0,2021,2
34.0,-120.0,2021,3
34.0,-120.0,2021,4
34.0,-120.0,2021,5
34.0,-120.0,2021,6
34.0,-120.0,2021,7
34.0,-120.0,2021,8
34.0,-120.0,2021,9
34.0,-120.0,2021,10
34.0,-120.0,2021,11
34.0,-120.0,2021,12
34.0,-119.0,2019,7
34.0,-119.0,2019,8
34.0,-119.0,2019,9
34.0,-119.0,2019,10
34.0,-119.0,2019,11
34.0,-119.0,2019,12
34.0,-119.0,2020,1
34.0,-119.0,2020,2
34.0,-119.0,2020,3
34.0,-119.0,2020,4
34.0,-119.0,2020,5
34.0,-119.0,2020,6
34.0,-119.0,2020,7
34.0,-119.0,2020,8
34.0,-119.0,2020,9
34.0,-119.0,2020,10
34.0,-119.0,2020,11
34.0,-119.0,2020,12
34.0,-119.0,2021,1
34.0,-119.0,2021,2
34.0,-119.0,2021,3
34.0,-119.0,2021,4
34.0,-119.0,2021,5
34.0,-119.0,2021,6
34.0,-119.0,2021,7
34.0,-119.0,2021,8
34.0,-119.0,2021,9
34.0,-119.0,2021,10
34.0,-119.0,2021,11
34.0,-119.0,2021,12
34.0,-118.0,2019,7
34.0,-118.0,2019,8
34.0,-118.0,2019,9
34.0,-118.0,2019,10
34.0,-118.0,2019,11
34.0,-118.0,2019,12
34.0,-118.0,2020,1
34.0,-118.0,2020,2
34.0,-118.0,2020,3
34.0,-118.0,2020,4
34.0,-118.0,2020,5
34.0,-118.0,2020,6
34.0,-118.0,2020,7
34.0,-118.0,2020,8
34.0,-118.0,2020,9
34.0,-118.0,2020,10
34.0,-118.0,2020,11
34.0,-118.0,2020,12
34.0,-118.0,2021,1
34.0,-118.0,2021,2
34.0,-118.0,2021,3
34.0,-118.0,2021,4
34.0,-118.0,2021,5
34.0,-118.0,2021,6
34.0,-118.0,2021,7
34.0,-118.0,2021,8
34.0,-118.0,2021,9
34.0,-118.0,2021,10
34.0,-118.0,2021,11
34.0,-118.0,2021,12
34.0,-117.0,2019,7
34.0,-117.0,2019,8
34.0,-117.0,2019,9
34.0,-117.0,2019,10
34.0,-117.0,2019,11
34.0,-117.0,2019,12
34.0,-117.0,2020,1
34.0,-117.0,2020,2
34.0,-117.0,2020,3
34.0,-117.0,2020,4
34.0,-117.0,2020,5
34.0,-117.0,2020,6
34.0,-117.0,2020,7
34.0,-117.0,2020,8
34.0,-117.0,2020,9
34.0,-117.0,2020,10
34.0,-117.0,2020,11
34.0,-117.0,2020,12
34.0,-117.0,2021,1
34.0,-117.0,2021,2
34.0,-117.0,2021,3
34.0,-117.0,2021,4
34.0,-117.0,2021,5
34.0,-117.0,2021,6
34.0,-117.0,2021,7
34.0,-117.0,2021,8
34.0,-117.0,2021,9
34.0,-117.0,2021,10
34.0,-117.0,2021,11
34.0,-117.0,2021,12
34.0,-116.0,2019,7
34.0,-116.0,2019,8
34.0,-116.0,2019,9
34.0,-116.0,2019,10
34.0,-116.0,2019,11
34.0,-116.0,2019,12
34.0,-116.0,2020,1
34.0,-116.0,2020,2
34.0,-116.0,2020,3
34.0,-116.0,2020,4
34.0,-116.0,2020,5
34.0,-116.0,2020,6
34.0,-116.0,2020,7
34.0,-116.0,2020,8
34.0,-116.0,2020,9
34.0,-116.0,2020,10
34.0,-116.0,2020,11
34.0,-116.0,2020,12
34.0,-116.0,2021,1
34.0,-116.0,2021,2
34.0,-116.0,2021,3
34.0,-116.0,2021,4
34.0,-116.0,2021,5
34.0,-116.0,2021,6
34.0,-116.0,2021,7
34.0,-116.0,2021,8
34.0,-116.0,2021,9
34.0,-116.0,2021,10
34.0,-116.0,2021,11
34.0,-116.0,2021,12
34.0,-115.0,2019,7
34.0,-115.0,2019,8
34.0,-115.0,2019,9
34.0,-115.0,2019,10
34.0,-115.0,2019,11
34.0,-115.0,2019,12
34.0,-115.0,2020,1
34.0,-115.0,2020,2
34.0,-115.0,2020,3
34.0,-115.0,2020,4
34.0,-115.0,2020,5
34.0,-115.0,2020,6
34.0,-115.0,2020,7
34.0,-115.0,2020,8
34.0,-115.0,2020,9
34.0,-115.0,2020,10
34.0,-115.0,2020,11
34.0,-115.0,2020,12
34.0,-115.0,2021,1
34.0,-115.0,2021,2
34.0,-115.0,2021,3
34.0,-115.0,2021,4
34.0,-115.0,2021,5
34.0,-115.0,2021,6
34.0,-115.0,2021,7
34.0,-115.0,2021,8
34.0,-115.0,2021,9
34.0,-115.0,2021,10
34.0,-115.0,2021,11
34.0,-115.0,2021,12
35.0,-122.0,2019,7
35.0,-122.0,2019,8
35.0,-122.0,2019,9
35.0,-122.0,2019,10
35.0,-122.0,2019,11
35.0,-122.0,2019,12
35.0,-122.0,2020,1
35.0,-122.0,2020,2
35.0,-122.0,2020,3
35.0,-122.0,2020,4
35.0,-122.0,2020,5
35.0,-122.0,2020,6
35.0,-122.0,2020,7
35.0,-122.0,2020,8
35.0,-122.0,2020,9
35.0,-122.0,2020,10
35.0,-122.0,2020,11
35.0,-122.0,2020,12
35.0,-122.0,2021,1
35.0,-122.0,2021,2
35.0,-122.0,2021,3
35.0,-122.0,2021,4
35.0,-122.0,2021,5
35.0,-122.0,2021,6
35.0,-122.0,2021,7
35.0,-122.0,2021,8
35.0,-122.0,2021,9
35.0,-122.0,2021,10
35.0,-122.0,2021,11
35.0,-122.0,2021,12
35.0,-121.0,2019,7
35.0,-121.0,2019,8
35.0,-121.0,2019,9
35.0,-121.0,2019,10
35.0,-121.0,2019,11
35.0,-121.0,2019,12
35.0,-121.0,2020,1
35.0,-121.0,2020,2
35.0,-121.0,2020,3
35.0,-121.0,2020,4
35.0,-121.0,2020,5
35.0,-121.0,2020,6
35.0,-121.0,2020,7
35.0,-121.0,2020,8
35.0,-121.0,2020,9
35.0,-121.0,2020,10
35.0,-121.0,2020,11
35.0,-121.0,2020,12
35.0,-121.0,2021,1
35.0,-121.0,2021,2
35.0,-121.0,2021,3
35.0,-121.0,2021,4
35.0,-121.0,2021,5
35.0,-121.0,2021,6
35.0,-121.0,2021,7
35.0,-121.0,2021,8
35.0,-121.0,2021,9
35.0,-121.0,2021,10
35.0,-121.0,2021,11
35.0,-121.0,2021,12
35.0,-120.0,2019,7
35.0,-120.0,2019,8
35.0,-120.0,2019,9
35.0,-120.0,2019,10
35.0,-120.0,2019,11
35.0,-120.0,2019,12
35.0,-120.0,2020,1
35.0,-120.0,2020,2
35.0,-120.0,2020,3
35.0,-120.0,2020,4
35.0,-120.0,2020,5
35.0,-120.0,2020,6
35.0,-120.0,2020,7
35.0,-120.0,2020,8
35.0,-120.0,2020,9
35.0,-120.0,2020,10
35.0,-120.0,2020,11
35.0,-120.0,2020,12
35.0,-120.0,2021,1
35.0,-120.0,2021,2
35.0,-120.0,2021,3
35.0,-120.0,2021,4
35.0,-120.0,2021,5
35.0,-120.0,2021,6
35.0,-120.0,2021,7
35.0,-120.0,2021,8
35.0,-120.0,2021,9
35.0,-120.0,2021,10
35.0,-120.0,2021,11
35.0,-120.0,2021,12
35.0,-119.0,2019,7
35.0,-119.0,2019,8
35.0,-119.0,2019,9
35.0,-119.0,2019,10
35.0,-119.0,2019,11
35.0,-119.0,2019,12
35.0,-119.0,2020,1
35.0,-119.0,2020,2
35.0,-119.0,2020,3
35.0,-119.0,2020,4
35.0,-119.0,2020,5
35.0,-119.0,2020,6
35.0,-119.0,2020,7
35.0,-119.0,2020,8
35.0,-119.0,2020,9
35.0,-119.0,2020,10
35.0,-119.0,2020,11
35.0,-119.0,2020,12
35.0,-119.0,2021,1
35.0,-119.0,2021,2
35.0,-119.0,2021,3
35.0,-119.0,2021,4
35.0,-119.0,2021,5
35.0,-119.0,2021,6
35.0,-119.0,2021,7
35.0,-119.0,2021,8
35.0,-119.0,2021,9
35.0,-119.0,2021,10
35.0,-119.0,2021,11
35.0,-119.0,2021,12
35.0,-118.0,2019,7
35.0,-118.0,2019,8
35.0,-118.0,2019,9
35.0,-118.0,2019,10
35.0,-118.0,2019,11
35.0,-118.0,2019,12
35.0,-118.0,2020,1
35.0,-118.0,2020,2
35.0,-118.0,2020,3
35.0,-118.0,2020,4
35.0,-118.0,2020,5
35.0,-118.0,2020,6
35.0,-118.0,2020,7
35.0,-118.0,2020,8
35.0,-118.0,2020,9
35.0,-118.0,2020,10
35.0,-118.0,2020,11
35.0,-118.0,2020,12
35.0,-118.0,2021,1
35.0,-118.0,2021,2
35.0,-118.0,2021,3
35.0,-118.0,2021,4
35.0,-118.0,2021,5
35.0,-118.0,2021,6
35.0,-118.0,2021,7
35.0,-118.0,2021,8
35.0,-118.0,2021,9
35.0,-118.0,2021,10
35.0,-118.0,2021,11
35.0,-118.0,2021,12
35.0,-117.0,2019,7
35.0,-117.0,2019,8
35.0,-117.0,2019,9
35.0,-117.0,2019,10
35.0,-117.0,2019,11
35.0,-117.0,2019,12
35.0,-117.0,2020,1
35.0,-117.0,2020,2
35.0,-117.0,2020,3
35.0,-117.0,2020,4
35.0,-117.0,2020,5
35.0,-117.0,2020,6
35.0,-117.0,2020,7
35.0,-117.0,2020,8
35.0,-117.0,2020,9
35.0,-117.0,2020,10
35.0,-117.0,2020,11
35.0,-117.0,2020,12
35.0,-117.0,2021,1
35.0,-117.0,2021,2
35.0,-117.0,2021,3
35.0,-117.0,2021,4
35.0,-117.0,2021,5
35.0,-117.0,2021,6
35.0,-117.0,2021,7
35.0,-117.0,2021,8
35.0,-117.0,2021,9
35.0,-117.0,2021,10
35.0,-117.0,2021,11
35.0,-117.0,2021,12
35.0,-116.0,2019,7
35.0,-116.0,2019,8
35.0,-116.0,2019,9
35.0,-116.0,2019,10
35.0,-116.0,2019,11
35.0,-116.0,2019,12
35.0,-116.0,2020,1
35.0,-116.0,2020,2
35.0,-116.0,2020,3
35.0,-116.0,2020,4
35.0,-116.0,2020,5
35.0,-116.0,2020,6
35.0,-116.0,2020,7
35.0,-116.0,2020,8
35.0,-116.0,2020,9
35.0,-116.0,2020,10
35.0,-116.0,2020,11
35.0,-116.0,2020,12
35.0,-116.0,2021,1
35.0,-116.0,2021,2
35.0,-116.0,2021,3
35.0,-116.0,2021,4
35.0,-116.0,2021,5
35.0,-116.0,2021,6
35.0,-116.0,2021,7
35.0,-116.0,2021,8
35.0,-116.0,2021,9
35.0,-116.0,2021,10
35.0,-116.0,2021,11
35.0,-116.0,2021,12
35.0,-115.0,2019,7
35.0,-115.0,2019,8
35.0,-115.0,2019,9
35.0,-115.0,2019,10
35.0,-115.0,2019,11
35.0,-115.0,2019,12
35.0,-115.0,2020,1
35.0,-115.0,2020,2
35.0,-115.0,2020,3
35.0,-115.0,2020,4
35.0,-115.0,2020,5
35.0,-115.0,2020,6
35.0,-115.0,2020,7
35.0,-115.0,2020,8
35.0,-115.0,2020,9
35.0,-115.0,2020,10
35.0,-115.0,2020,11
35.0,-115.0,2020,12
35.0,-115.0,2021,1
35.0,-115.0,2021,2
35.0,-115.0,2021,3
35.0,-115.0,2021,4
35.0,-115.0,2021,5
35.0,-115.0,2021,6
35.0,-115.0,2021,7
35.0,-115.0,2021,8
35.0,-115.0,2021,9
35.0,-115.0,2021,10
35.0,-115.0,2021,11
35.0,-115.0,2021,12
36.0,-122.0,2019,7
36.0,-122.0,2019,8
36.0,-122.0,2019,9
36.0,-122.0,2019,10
36.0,-122.0,2019,11
36.0,-122.0,2019,12
36.0,-122.0,2020,1
36.0,-122.0,2020,2
36.0,-122.0,2020,3
36.0,-122.0,2020,4
36.0,-122.0,2020,5
36.0,-122.0,2020,6
36.0,-122.0,2020,7
36.0,-122.0,2020,8
36.0,-122.0,2020,9
36.0,-122.0,2020,10
36.0,-122.0,2020,11
36.0,-122.0,2020,12
36.0,-122.0,2021,1
36.0,-122.0,2021,2
36.0,-122.0,2021,3
36.0,-122.0,2021,4
36.0,-122.0,2021,5
36.0,-122.0,2021,6
36.0,-122.0,2021,7
36.0,-122.0,2021,8
36.0,-122.0,2021,9
36.0,-122.0,2021,10
36.0,-122.0,2021,11
36.0,-122.0,2021,12
36.0,-121.0,2019,7
36.0,-121.0,2019,8
36.0,-121.0,2019,9
36.0,-121.0,2019,10
36.0,-121.0,2019,11
36.0,-121.0,2019,12
36.0,-121.0,2020,1
36.0,-121.0,2020,2
36.0,-121.0,2020,3
36.0,-121.0,2020,4
36.0,-121.0,2020,5
36.0,-121.0,2020,6
36.0,-121.0,2020,7
36.0,-121.0,2020,8
36.0,-121.0,2020,9
36.0,-121.0,2020,10
36.0,-121.0,2020,11
36.0,-121.0,2020,12
36.0,-121.0,2021,1
36.0,-121.0,2021,2
36.0,-121.0,2021,3
36.0,-121.0,2021,4
36.0,-121.0,2021,5
36.0,-121.0,2021,6
36.0,-121.0,2021,7
36.0,-121.0,2021,8
36.0,-121.0,2021,9
36.0,-121.0,2021,10
36.0,-121.0,2021,11
36.0,-121.0,2021,12
36.0,-120.0,2019,7
36.0,-120.0,2019,8
36.0,-120.0,2019,9
36.0,-120.0,2019,10
36.0,-120.0,2019,11
36.0,-120.0,2019,12
36.0,-120.0,2020,1
36.0,-120.0,2020,2
36.0,-120.0,2020,3
36.0,-120.0,2020,4
36.0,-120.0,2020,5
36.0,-120.0,2020,6
36.0,-120.0,2020,7
36.0,-120.0,2020,8
36.0,-120.0,2020,9
36.0,-120.0,2020,10
36.0,-120.0,2020,11
36.0,-120.0,2020,12
36.0,-120.0,2021,1
36.0,-120.0,2021,2
36.0,-120.0,2021,3
36.0,-120.0,2021,4
36.0,-120.0,2021,5
36.0,-120.0,2021,6
36.0,-120.0,2021,7
36.0,-120.0,2021,8
36.0,-120.0,2021,9
36.0,-120.0,2021,10
36.0,-120.0,2021,11
36.0,-120.0,2021,12
36.0,-119.0,2019,7
36.0,-119.0,2019,8
36.0,-119.0,2019,9
36.0,-119.0,2019,10
36.0,-119.0,2019,11
36.0,-119.0,2019,12
36.0,-119.0,2020,1
36.0,-119.0,2020,2
36.0,-119.0,2020,3
36.0,-119.0,2020,4
36.0,-119.0,2020,5
36.0,-119.0,2020,6
36.0,-119.0,2020,7
36.0,-119.0,2020,8
36.0,-119.0,2020,9
36.0,-119.0,2020,10
36.0,-119.0,2020,11
36.0,-119.0,2020,12
36.0,-119.0,2021,1
36.0,-119.0,2021,2
36.0,-119.0,2021,3
36.0,-119.0,2021,4
36.0,-119.0,2021,5
36.0,-119.0,2021,6
36.0,-119.0,2021,7
36.0,-119.0,2021,8
36.0,-119.0,2021,9
36.0,-119.0,2021,10
36.0,-119.0,2021,11
36.0,-119.0,2021,12
36.0,-118.0,2019,7
36.0,-118.0,2019,8
36.0,-118.0,2019,9
36.0,-118.0,2019,10
36.0,-118.0,2019,11
36.0,-118.0,2019,12
36.0,-118.0,2020,1
36.0,-118.0,2020,2
36.0,-118.0,2020,3
36.0,-118.0,2020,4
36.0,-118.0,2020,5
36.0,-118.0,2020,6
36.0,-118.0,2020,7
36.0,-118.0,2020,8
36.0,-118.0,2020,9
36.0,-118.0,2020,10
36.0,-118.0,2020,11
36.0,-118.0,2020,12
36.0,-118.0,2021,1
36.0,-118.0,2021,2
36.0,-118.0,2021,3
36.0,-118.0,2021,4
36.0,-118.0,2021,5
36.0,-118.0,2021,6
36.0,-118.0,2021,7
36.0,-118.0,2021,8
36.0,-118.0,2021,9
36.0,-118.0,2021,10
36.0,-118.0,2021,11
36.0,-118.0,2021,12
36.0,-117.0,2019,7
36.0,-117.0,2019,8
36.0,-117.0,2019,9
36.0,-117.0,2019,10
36.0,-117.0,2019,11
36.0,-117.0,2019,12
36.0,-117.0,2020,1
36.0,-117.0,2020,2
36.0,-117.0,2020,3
36.0,-117.0,2020,4
36.0,-117.0,2020,5
36.0,-117.0,2020,6
36.0,-117.0,2020,7
36.0,-117.0,2020,8
36.0,-117.0,2020,9
36.0,-117.0,2020,10
36.0,-117.0,2020,11
36.0,-117.0,2020,12
36.0,-117.0,2021,1
36.0,-117.0,2021,2
36.0,-117.0,2021,3
36.0,-117.0,2021,4
36.0,-117.0,2021,5
36.0,-117.0,2021,6
36.0,-117.0,2021,7
36.0,-117.0,2021,8
36.0,-117.0,2021,9
36.0,-117.0,2021,10
36.0,-117.0,2021,11
36.0,-117.0,2021,12
36.0,-116.0,2019,7
36.0,-116.0,2019,8
36.0,-116.0,2019,9
36.0,-116.0,2019,10
36.0,-116.0,2019,11
36.0,-116.0,2019,12
36.0,-116.0,2020,1
36.0,-116.0,2020,2
36.0,-116.0,2020,3
36.0,-116.0,2020,4
36.0,-116.0,2020,5
36.0,-116.0,2020,6
36.0,-116.0,2020,7
36.0,-116.0,2020,8
36.0,-116.0,2020,9
36.0,-116.0,2020,10
36.0,-116.0,2020,11
36.0,-116.0,2020,12
36.0,-116.0,2021,1
36.0,-116.0,2021,2
36.0,-116.0,2021,3
36.0,-116.0,2021,4
36.0,-116.0,2021,5
36.0,-116.0,2021,6
36.0,-116.0,2021,7
36.0,-116.0,2021,8
36.0,-116.0,2021,9
36.0,-116.0,2021,10
36.0,-116.0,2021,11
36.0,-116.0,2021,12
36.0,-115.0,2019,7
36.0,-115.0,2019,8
36.0,-115.0,2019,9
36.0,-115.0,2019,10
36.0,-115.0,2019,11
36.0,-115.0,2019,12
36.0,-115.0,2020,1
36.0,-115.0,2020,2
36.0,-115.0,2020,3
36.0,-115.0,2020,4
36.0,-115.0,2020,5
36.0,-115.0,2020,6
36.0,-115.0,2020,7
36.0,-115.0,2020,8
36.0,-115.0,2020,9
36.0,-115.0,2020,10
36.0,-115.0,2020,11
36.0,-115.0,2020,12
36.0,-115.0,2021,1
36.0,-115.0,2021,2
36.0,-115.0,2021,3
36.0,-115.0,2021,4
36.0,-115.0,2021,5
36.0,-115.0,2021,6
36.0,-115.0,2021,7
36.0,-115.0,2021,8
36.0,-115.0,2021,9
36.0,-115.0,2021,10
36.0,-115.0,2021,11
36.0,-115.0,2021,12
37.0,-123.0,2019,7
37.0,-123.0,2019,8
37.0,-123.0,2019,9
37.0,-123.0,2019,10
37.0,-123.0,2019,11
37.0,-123.0,2019,12
37.0,-123.0,2020,1
37.0,-123.0,2020,2
37.0,-123.0,2020,3
37.0,-123.0,2020,4
37.0,-123.0,2020,5
37.0,-123.0,2020,6
37.0,-123.0,2020,7
37.0,-123.0,2020,8
37.0,-123.0,2020,9
37.0,-123.0,2020,10
37.0,-123.0,2020,11
37.0,-123.0,2020,12
37.0,-123.0,2021,1
37.0,-123.0,2021,2
37.0,-123.0,2021,3
37.0,-123.0,2021,4
37.0,-123.0,2021,5
37.0,-123.0,2021,6
37.0,-123.0,2021,7
37.0,-123.0,2021,8
37.0,-123.0,2021,9
37.0,-123.0,2021,10
37.0,-123.0,2021,11
37.0,-123.0,2021,12
37.0,-122.0,2019,7
37.0,-122.0,2019,8
37.0,-122.0,2019,9
37.0,-122.0,2019,10
37.0,-122.0,2019,11
37.0,-122.0,2019,12
37.0,-122.0,2020,1
37.0,-122.0,2020,2
37.0,-122.0,2020,3
37.0,-122.0,2020,4
37.0,-122.0,2020,5
37.0,-122.0,2020,6
37.0,-122.0,2020,7
37.0,-122.0,2020,8
37.0,-122.0,2020,9
37.0,-122.0,2020,10
37.0,-122.0,2020,11
37.0,-122.0,2020,12
37.0,-122.0,2021,1
37.0,-122.0,2021,2
37.0,-122.0,2021,3
37.0,-122.0,2021,4
37.0,-122.0,2021,5
37.0,-122.0,2021,6
37.0,-122.0,2021,7
37.0,-122.0,2021,8
37.0,-122.0,2021,9
37.0,-122.0,2021,10
37.0,-122.0,2021,11
37.0,-122.0,2021,12
37.0,-121.0,2019,7
37.0,-121.0,2019,8
37.0,-121.0,2019,9
37.0,-121.0,2019,10
37.0,-121.0,2019,11
37.0,-121.0,2019,12
37.0,-121.0,2020,1
37.0,-121.0,2020,2
37.0,-121.0,2020,3
37.0,-121.0,2020,4
37.0,-121.0,2020,5
37.0,-121.0,2020,6
37.0,-121.0,2020,7
37.0,-121.0,2020,8
37.0,-121.0,2020,9
37.0,-121.0,2020,10
37.0,-121.0,2020,11
37.0,-121.0,2020,12
37.0,-121.0,2021,1
37.0,-121.0,2021,2
37.0,-121.0,2021,3
37.0,-121.0,2021,4
37.0,-121.0,2021,5
37.0,-121.0,2021,6
37.0,-121.0,2021,7
37.0,-121.0,2021,8
37.0,-121.0,2021,9
37.0,-121.0,2021,10
37.0,-121.0,2021,11
37.0,-121.0,2021,12
37.0,-120.0,2019,7
37.0,-120.0,2019,8
37.0,-120.0,2019,9
37.0,-120.0,2019,10
37.0,-120.0,2019,11
37.0,-120.0,2019,12
37.0,-120.0,2020,1
37.0,-120.0,2020,2
37.0,-120.0,2020,3
37.0,-120.0,2020,4
37.0,-120.0,2020,5
37.0,-120.0,2020,6
37.0,-120.0,2020,7
37.0,-120.0,2020,8
37.0,-120.0,2020,9
37.0,-120.0,2020,10
37.0,-120.0,2020,11
37.0,-120.0,2020,12
37.0,-120.0,2021,1
37.0,-120.0,2021,2
37.0,-120.0,2021,3
37.0,-120.0,2021,4
37.0,-120.0,2021,5
37.0,-120.0,2021,6
37.0,-120.0,2021,7
37.0,-120.0,2021,8
37.0,-120.0,2021,9
37.0,-120.0,2021,10
37.0,-120.0,2021,11
37.0,-120.0,2021,12
37.0,-119.0,2019,7
37.0,-119.0,2019,8
37.0,-119.0,2019,9
37.0,-119.0,2019,10
37.0,-119.0,2019,11
37.0,-119.0,2019,12
37.0,-119.0,2020,1
37.0,-119.0,2020,2
37.0,-119.0,2020,3
37.0,-119.0,2020,4
37.0,-119.0,2020,5
37.0,-119.0,2020,6
37.0,-119.0,2020,7
37.0,-119.0,2020,8
37.0,-119.0,2020,9
37.0,-119.0,2020,10
37.0,-119.0,2020,11
37.0,-119.0,2020,12
37.0,-119.0,2021,1
37.0,-119.0,2021,2
37.0,-119.0,2021,3
37.0,-119.0,2021,4
37.0,-119.0,2021,5
37.0,-119.0,2021,6
37.0,-119.0,2021,7
37.0,-119.0,2021,8
37.0,-119.0,2021,9
37.0,-119.0,2021,10
37.0,-119.0,2021,11
37.0,-119.0,2021,12
37.0,-118.0,2019,7
37.0,-118.0,2019,8
37.0,-118.0,2019,9
37.0,-118.0,2019,10
37.0,-118.0,2019,11
37.0,-118.0,2019,12
37.0,-118.0,2020,1
37.0,-118.0,2020,2
37.0,-118.0,2020,3
37.0,-118.0,2020,4
37.0,-118.0,2020,5
37.0,-118.0,2020,6
37.0,-118.0,2020,7
37.0,-118.0,2020,8
37.0,-118.0,2020,9
37.0,-118.0,2020,10
37.0,-118.0,2020,11
37.0,-118.0,2020,12
37.0,-118.0,2021,1
37.0,-118.0,2021,2
37.0,-118.0,2021,3
37.0,-118.0,2021,4
37.0,-118.0,2021,5
37.0,-118.0,2021,6
37.0,-118.0,2021,7
37.0,-118.0,2021,8
37.0,-118.0,2021,9
37.0,-118.0,2021,10
37.0,-118.0,2021,11
37.0,-118.0,2021,12
37.0,-117.0,2019,7
37.0,-117.0,2019,8
37.0,-117.0,2019,9
37.0,-117.0,2019,10
37.0,-117.0,2019,11
37.0,-117.0,2019,12
37.0,-117.0,2020,1
37.0,-117.0,2020,2
37.0,-117.0,2020,3
37.0,-117.0,2020,4
37.0,-117.0,2020,5
37.0,-117.0,2020,6
37.0,-117.0,2020,7
37.0,-117.0,2020,8
37.0,-117.0,2020,9
37.0,-117.0,2020,10
37.0,-117.0,2020,11
37.0,-117.0,2020,12
37.0,-117.0,2021,1
37.0,-117.0,2021,2
37.0,-117.0,2021,3
37.0,-117.0,2021,4
37.0,-117.0,2021,5
37.0,-117.0,2021,6
37.0,-117.0,2021,7
37.0,-117.0,2021,8
37.0,-117.0,2021,9
37.0,-117.0,2021,10
37.0,-117.0,2021,11
37.0,-117.0,2021,12
37.0,-116.0,2019,7
37.0,-116.0,2019,8
37.0,-116.0,2019,9
37.0,-116.0,2019,10
37.0,-116.0,2019,11
37.0,-116.0,2019,12
37.0,-116.0,2020,1
37.0,-116.0,2020,2
37.0,-116.0,2020,3
37.0,-116.0,2020,4
37.0,-116.0,2020,5
37.0,-116.0,2020,6
37.0,-116.0,2020,7
37.0,-116.0,2020,8
37.0,-116.0,2020,9
37.0,-116.0,2020,10
37.0,-116.0,2020,11
37.0,-116.0,2020,12
37.0,-116.0,2021,1
37.0,-116.0,2021,2
37.0,-116.0,2021,3
37.0,-116.0,2021,4
37.0,-116.0,2021,5
37.0,-116.0,2021,6
37.0,-116.0,2021,7
37.0,-116.0,2021,8
37.0,-116.0,2021,9
37.0,-116.0,2021,10
37.0,-116.0,2021,11
37.0,-116.0,2021,12
37.0,-115.0,2019,7
37.0,-115.0,2019,8
37.0,-115.0,2019,9
37.0,-115.0,2019,10
37.0,-115.0,2019,11
37.0,-115.0,2019,12
37.0,-115.0,2020,1
37.0,-115.0,2020,2
37.0,-115.0,2020,3
37.0,-115.0,2020,4
37.0,-115.0,2020,5
37.0,-115.0,2020,6
37.0,-115.0,2020,7
37.0,-115.0,2020,8
37.0,-115.0,2020,9
37.0,-115.0,2020,10
37.0,-115.0,2020,11
37.0,-115.0,2020,12
37.0,-115.0,2021,1
37.0,-115.0,2021,2
37.0,-115.0,2021,3
37.0,-115.0,2021,4
37.0,-115.0,2021,5
37.0,-115.0,2021,6
37.0,-115.0,2021,7
37.0,-115.0,2021,8
37.0,-115.0,2021,9
37.0,-115.0,2021,10
37.0,-115.0,2021,11
37.0,-115.0,2021,12
38.0,-124.0,2019,7
38.0,-124.0,2019,8
38.0,-124.0,2019,9
38.0,-124.0,2019,10
38.0,-124.0,2019,11
38.0,-124.0,2019,12
38.0,-124.0,2020,1
38.0,-124.0,2020,2
38.0,-124.0,2020,3
38.0,-124.0,2020,4
38.0,-124.0,2020,5
38.0,-124.0,2020,6
38.0,-124.0,2020,7
38.0,-124.0,2020,8
38.0,-124.0,2020,9
38.0,-124.0,2020,10
38.0,-124.0,2020,11
38.0,-124.0,2020,12
38.0,-124.0,2021,1
38.0,-124.0,2021,2
38.0,-124.0,2021,3
38.0,-124.0,2021,4
38.0,-124.0,2021,5
38.0,-124.0,2021,6
38.0,-124.0,2021,7
38.0,-124.0,2021,8
38.0,-124.0,2021,9
38.0,-124.0,2021,10
38.0,-124.0,2021,11
38.0,-124.0,2021,12
38.0,-123.0,2019,7
38.0,-123.0,2019,8
38.0,-123.0,2019,9
38.0,-123.0,2019,10
38.0,-123.0,2019,11
38.0,-123.0,2019,12
38.0,-123.0,2020,1
38.0,-123.0,2020,2
38.0,-123.0,2020,3
38.0,-123.0,2020,4
38.0,-123.0,2020,5
38.0,-123.0,2020,6
38.0,-123.0,2020,7
38.0,-123.0,2020,8
38.0,-123.0,2020,9
38.0,-123.0,2020,10
38.0,-123.0,2020,11
38.0,-123.0,2020,12
38.0,-123.0,2021,1
38.0,-123.0,2021,2
38.0,-123.0,2021,3
38.0,-123.0,2021,4
38.0,-123.0,2021,5
38.0,-123.0,2021,6
38.0,-123.0,2021,7
38.0,-123.0,2021,8
38.0,-123.0,2021,9
38.0,-123.0,2021,10
38.0,-123.0,2021,11
38.0,-123.0,2021,12
38.0,-122.0,2019,7
38.0,-122.0,2019,8
38.0,-122.0,2019,9
38.0,-122.0,2019,10
38.0,-122.0,2019,11
38.0,-122.0,2019,12
38.0,-122.0,2020,1
38.0,-122.0,2020,2
38.0,-122.0,2020,3
38.0,-122.0,2020,4
38.0,-122.0,2020,5
38.0,-122.0,2020,6
38.0,-122.0,2020,7
38.0,-122.0,2020,8
38.0,-122.0,2020,9
38.0,-122.0,2020,10
38.0,-122.0,2020,11
38.0,-122.0,2020,12
38.0,-122.0,2021,1
38.0,-122.0,2021,2
38.0,-122.0,2021,3
38.0,-122.0,2021,4
38.0,-122.0,2021,5
38.0,-122.0,2021,6
38.0,-122.0,2021,7
38.0,-122.0,2021,8
38.0,-122.0,2021,9
38.0,-122.0,2021,10
38.0,-122.0,2021,11
38.0,-122.0,2021,12
38.0,-121.0,2019,7
38.0,-121.0,2019,8
38.0,-121.0,2019,9
38.0,-121.0,2019,10
38.0,-121.0,2019,11
38.0,-121.0,2019,12
38.0,-121.0,2020,1
38.0,-121.0,2020,2
38.0,-121.0,2020,3
38.0,-121.0,2020,4
38.0,-121.0,2020,5
38.0,-121.0,2020,6
38.0,-121.0,2020,7
38.0,-121.0,2020,8
38.0,-121.0,2020,9
38.0,-121.0,2020,10
38.0,-121.0,2020,11
38.0,-121.0,2020,12
38.0,-121.0,2021,1
38.0,-121.0,2021,2
38.0,-121.0,2021,3
38.0,-121.0,2021,4
38.0,-121.0,2021,5
38.0,-121.0,2021,6
38.0,-121.0,2021,7
38.0,-121.0,2021,8
38.0,-121.0,2021,9
38.0,-121.0,2021,10
38.0,-121.0,2021,11
38.0,-121.0,2021,12
38.0,-120.0,2019,7
38.0,-120.0,2019,8
38.0,-120.0,2019,9
38.0,-120.0,2019,10
38.0,-120.0,2019,11
38.0,-120.0,2019,12
38.0,-120.0,2020,1
38.0,-120.0,2020,2
38.0,-120.0,2020,3
38.0,-120.0,2020,4
38.0,-120.0,2020,5
38.0,-120.0,2020,6
38.0,-120.0,2020,7
38.0,-120.0,2020,8
38.0,-120.0,2020,9
38.0,-120.0,2020,10
38.0,-120.0,2020,11
38.0,-120.0,2020,12
38.0,-120.0,2021,1
38.0,-120.0,2021,2
38.0,-120.0,2021,3
38.0,-120.0,2021,4
38.0,-120.0,2021,5
38.0,-120.0,2021,6
38.0,-120.0,2021,7
38.0,-120.0,2021,8
38.0,-120.0,2021,9
38.0,-120.0,2021,10
38.0,-120.0,2021,11
38.0,-120.0,2021,12
38.0,-119.0,2019,7
38.0,-119.0,2019,8
38.0,-119.0,2019,9
38.0,-119.0,2019,10
38.0,-119.0,2019,11
38.0,-119.0,2019,12
38.0,-119.0,2020,1
38.0,-119.0,2020,2
38.0,-119.0,2020,3
38.0,-119.0,2020,4
38.0,-119.0,2020,5
38.0,-119.0,2020,6
38.0,-119.0,2020,7
38.0,-119.0,2020,8
38.0,-119.0,2020,9
38.0,-119.0,2020,10
38.0,-119.0,2020,11
38.0,-119.0,2020,12
38.0,-119.0,2021,1
38.0,-119.0,2021,2
38.0,-119.0,2021,3
38.0,-119.0,2021,4
38.0,-119.0,2021,5
38.0,-119.0,2021,6
38.0,-119.0,2021,7
38.0,-119.0,2021,8
38.0,-119.0,2021,9
38.0,-119.0,2021,10
38.0,-119.0,2021,11
38.0,-119.0,2021,12
38.0,-118.0,2019,7
38.0,-118.0,2019,8
38.0,-118.0,2019,9
38.0,-118.0,2019,10
38.0,-118.0,2019,11
38.0,-118.0,2019,12
38.0,-118.0,2020,1
38.0,-118.0,2020,2
38.0,-118.0,2020,3
38.0,-118.0,2020,4
38.0,-118.0,2020,5
38.0,-118.0,2020,6
38.0,-118.0,2020,7
38.0,-118.0,2020,8
38.0,-118.0,2020,9
38.0,-118.0,2020,10
38.0,-118.0,2020,11
38.0,-118.0,2020,12
38.0,-118.0,2021,1
38.0,-118.0,2021,2
38.0,-118.0,2021,3
38.0,-118.0,2021,4
38.0,-118.0,2021,5
38.0,-118.0,2021,6
38.0,-118.0,2021,7
38.0,-118.0,2021,8
38.0,-118.0,2021,9
38.0,-118.0,2021,10
38.0,-118.0,2021,11
38.0,-118.0,2021,12
38.0,-117.0,2019,7
38.0,-117.0,2019,8
38.0,-117.0,2019,9
38.0,-117.0,2019,10
38.0,-117.0,2019,11
38.0,-117.0,2019,12
38.0,-117.0,2020,1
38.0,-117.0,2020,2
38.0,-117.0,2020,3
38.0,-117.0,2020,4
38.0,-117.0,2020,5
38.0,-117.0,2020,6
38.0,-117.0,2020,7
38.0,-117.0,2020,8
38.0,-117.0,2020,9
38.0,-117.0,2020,10
38.0,-117.0,2020,11
38.0,-117.0,2020,12
38.0,-117.0,2021,1
38.0,-117.0,2021,2
38.0,-117.0,2021,3
38.0,-117.0,2021,4
38.0,-117.0,2021,5
38.0,-117.0,2021,6
38.0,-117.0,2021,7
38.0,-117.0,2021,8
38.0,-117.0,2021,9
38.0,-117.0,2021,10
38.0,-117.0,2021,11
38.0,-117.0,2021,12
38.0,-116.0,2019,7
38.0,-116.0,2019,8
38.0,-116.0,2019,9
38.0,-116.0,2019,10
38.0,-116.0,2019,11
38.0,-116.0,2019,12
38.0,-116.0,2020,1
38.0,-116.0,2020,2
38.0,-116.0,2020,3
38.0,-116.0,2020,4
38.0,-116.0,2020,5
38.0,-116.0,2020,6
38.0,-116.0,2020,7
38.0,-116.0,2020,8
38.0,-116.0,2020,9
38.0,-116.0,2020,10
38.0,-116.0,2020,11
38.0,-116.0,2020,12
38.0,-116.0,2021,1
38.0,-116.0,2021,2
38.0,-116.0,2021,3
38.0,-116.0,2021,4
38.0,-116.0,2021,5
38.0,-116.0,2021,6
38.0,-116.0,2021,7
38.0,-116.0,2021,8
38.0,-116.0,2021,9
38.0,-116.0,2021,10
38.0,-116.0,2021,11
38.0,-116.0,2021,12
38.0,-115.0,2019,7
38.0,-115.0,2019,8
38.0,-115.0,2019,9
38.0,-115.0,2019,10
38.0,-115.0,2019,11
38.0,-115.0,2019,12
38.0,-115.0,2020,1
38.0,-115.0,2020,2
38.0,-115.0,2020,3
38.0,-115.0,2020,4
38.0,-115.0,2020,5
38.0,-115.0,2020,6
38.0,-115.0,2020,7
38.0,-115.0,2020,8
38.0,-115.0,2020,9
38.0,-115.0,2020,10
38.0,-115.0,2020,11
38.0,-115.0,2020,12
38.0,-115.0,2021,1
38.0,-115.0,2021,2
38.0,-115.0,2021,3
38.0,-115.0,2021,4
38.0,-115.0,2021,5
38.0,-115.0,2021,6
38.0,-115.0,2021,7
38.0,-115.0,2021,8
38.0,-115.0,2021,9
38.0,-115.0,2021,10
38.0,-115.0,2021,11
38.0,-115.0,2021,12
39.0,-124.0,2019,7
39.0,-124.0,2019,8
39.0,-124.0,2019,9
39.0,-124.0,2019,10
39.0,-124.0,2019,11
39.0,-124.0,2019,12
39.0,-124.0,2020,1
39.0,-124.0,2020,2
39.0,-124.0,2020,3
39.0,-124.0,2020,4
39.0,-124.0,2020,5
39.0,-124.0,2020,6
39.0,-124.0,2020,7
39.0,-124.0,2020,8
39.0,-124.0,2020,9
39.0,-124.0,2020,10
39.0,-124.0,2020,11
39.0,-124.0,2020,12
39.0,-124.0,2021,1
39.0,-124.0,2021,2
39.0,-124.0,2021,3
39.0,-124.0,2021,4
39.0,-124.0,2021,5
39.0,-124.0,2021,6
39.0,-124.0,2021,7
39.0,-124.0,2021,8
39.0,-124.0,2021,9
39.0,-124.0,2021,10
39.0,-124.0,2021,11
39.0,-124.0,2021,12
39.0,-123.0,2019,7
39.0,-123.0,2019,8
39.0,-123.0,2019,9
39.0,-123.0,2019,10
39.0,-123.0,2019,11
39.0,-123.0,2019,12
39.0,-123.0,2020,1
39.0,-123.0,2020,2
39.0,-123.0,2020,3
39.0,-123.0,2020,4
39.0,-123.0,2020,5
39.0,-123.0,2020,6
39.0,-123.0,2020,7
39.0,-123.0,2020,8
39.0,-123.0,2020,9
39.0,-123.0,2020,10
39.0,-123.0,2020,11
39.0,-123.0,2020,12
39.0,-123.0,2021,1
39.0,-123.0,2021,2
39.0,-123.0,2021,3
39.0,-123.0,2021,4
39.0,-123.0,2021,5
39.0,-123.0,2021,6
39.0,-123.0,2021,7
39.0,-123.0,2021,8
39.0,-123.0,2021,9
39.0,-123.0,2021,10
39.0,-123.0,2021,11
39.0,-123.0,2021,12
39.0,-122.0,2019,7
39.0,-122.0,2019,8
39.0,-122.0,2019,9
39.0,-122.0,2019,10
39.0,-122.0,2019,11
39.0,-122.0,2019,12
39.0,-122.0,2020,1
39.0,-122.0,2020,2
39.0,-122.0,2020,3
39.0,-122.0,2020,4
39.0,-122.0,2020,5
39.0,-122.0,2020,6
39.0,-122.0,2020,7
39.0,-122.0,2020,8
39.0,-122.0,2020,9
39.0,-122.0,2020,10
39.0,-122.0,2020,11
39.0,-122.0,2020,12
39.0,-122.0,2021,1
39.0,-122.0,2021,2
39.0,-122.0,2021,3
39.0,-122.0,2021,4
39.0,-122.0,2021,5
39.0,-122.0,2021,6
39.0,-122.0,2021,7
39.0,-122.0,2021,8
39.0,-122.0,2021,9
39.0,-122.0,2021,10
39.0,-122.0,2021,11
39.0,-122.0,2021,12
39.0,-121.0,2019,7
39.0,-121.0,2019,8
39.0,-121.0,2019,9
39.0,-121.0,2019,10
39.0,-121.0,2019,11
39.0,-121.0,2019,12
39.0,-121.0,2020,1
39.0,-121.0,2020,2
39.0,-121.0,2020,3
39.0,-121.0,2020,4
39.0,-121.0,2020,5
39.0,-121.0,2020,6
39.0,-121.0,2020,7
39.0,-121.0,2020,8
39.0,-121.0,2020,9
39.0,-121.0,2020,10
39.0,-121.0,2020,11
39.0,-121.0,2020,12
39.0,-121.0,2021,1
39.0,-121.0,2021,2
39.0,-121.0,2021,3
39.0,-121.0,2021,4
39.0,-121.0,2021,5
39.0,-121.0,2021,6
39.0,-121.0,2021,7
39.0,-121.0,2021,8
39.0,-121.0,2021,9
39.0,-121.0,2021,10
39.0,-121.0,2021,11
39.0,-121.0,2021,12
39.0,-120.0,2019,7
39.0,-120.0,2019,8
39.0,-120.0,2019,9
39.0,-120.0,2019,10
39.0,-120.0,2019,11
39.0,-120.0,2019,12
39.0,-120.0,2020,1
39.0,-120.0,2020,2
39.0,-120.0,2020,3
39.0,-120.0,2020,4
39.0,-120.0,2020,5
39.0,-120.0,2020,6
39.0,-120.0,2020,7
39.0,-120.0,2020,8
39.0,-120.0,2020,9
39.0,-120.0,2020,10
39.0,-120.0,2020,11
39.0,-120.0,2020,12
39.0,-120.0,2021,1
39.0,-120.0,2021,2
39.0,-120.0,2021,3
39.0,-120.0,2021,4
39.0,-120.0,2021,5
39.0,-120.0,2021,6
39.0,-120.0,2021,7
39.0,-120.0,2021,8
39.0,-120.0,2021,9
39.0,-120.0,2021,10
39.0,-120.0,2021,11
39.0,-120.0,2021,12
39.0,-119.0,2019,7
39.0,-119.0,2019,8
39.0,-119.0,2019,9
39.0,-119.0,2019,10
39.0,-119.0,2019,11
39.0,-119.0,2019,12
39.0,-119.0,2020,1
39.0,-119.0,2020,2
39.0,-119.0,2020,3
39.0,-119.0,2020,4
39.0,-119.0,2020,5
39.0,-119.0,2020,6
39.0,-119.0,2020,7
39.0,-119.0,2020,8
39.0,-119.0,2020,9
39.0,-119.0,2020,10
39.0,-119.0,2020,11
39.0,-119.0,2020,12
39.0,-119.0,2021,1
39.0,-119.0,2021,2
39.0,-119.0,2021,3
39.0,-119.0,2021,4
39.0,-119.0,2021,5
39.0,-119.0,2021,6
39.0,-119.0,2021,7
39.0,-119.0,2021,8
39.0,-119.0,2021,9
39.0,-119.0,2021,10
39.0,-119.0,2021,11
39.0,-119.0,2021,12
39.0,-118.0,2019,7
39.0,-118.0,2019,8
39.0,-118.0,2019,9
39.0,-118.0,2019,10
39.0,-118.0,2019,11
39.0,-118.0,2019,12
39.0,-118.0,2020,1
39.0,-118.0,2020,2
39.0,-118.0,2020,3
39.0,-118.0,2020,4
39.0,-118.0,2020,5
39.0,-118.0,2020,6
39.0,-118.0,2020,7
39.0,-118.0,2020,8
39.0,-118.0,2020,9
39.0,-118.0,2020,10
39.0,-118.0,2020,11
39.0,-118.0,2020,12
39.0,-118.0,2021,1
39.0,-118.0,2021,2
39.0,-118.0,2021,3
39.0,-118.0,2021,4
39.0,-118.0,2021,5
39.0,-118.0,2021,6
39.0,-118.0,2021,7
39.0,-118.0,2021,8
39.0,-118.0,2021,9
39.0,-118.0,2021,10
39.0,-118.0,2021,11
39.0,-118.0,2021,12
39.0,-117.0,2019,7
39.0,-117.0,2019,8
39.0,-117.0,2019,9
39.0,-117.0,2019,10
39.0,-117.0,2019,11
39.0,-117.0,2019,12
39.0,-117.0,2020,1
39.0,-117.0,2020,2
39.0,-117.0,2020,3
39.0,-117.0,2020,4
39.0,-117.0,2020,5
39.0,-117.0,2020,6
39.0,-117.0,2020,7
39.0,-117.0,2020,8
39.0,-117.0,2020,9
39.0,-117.0,2020,10
39.0,-117.0,2020,11
39.0,-117.0,2020,12
39.0,-117.0,2021,1
39.0,-117.0,2021,2
39.0,-117.0,2021,3
39.0,-117.0,2021,4
39.0,-117.0,2021,5
39.0,-117.0,2021,6
39.0,-117.0,2021,7
39.0,-117.0,2021,8
39.0,-117.0,2021,9
39.0,-117.0,2021,10
39.0,-117.0,2021,11
39.0,-117.0,2021,12
39.0,-116.0,2019,7
39.0,-116.0,2019,8
39.0,-116.0,2019,9
39.0,-116.0,2019,10
39.0,-116.0,2019,11
39.0,-116.0,2019,12
39.0,-116.0,2020,1
39.0,-116.0,2020,2
39.0,-116.0,2020,3
39.0,-116.0,2020,4
39.0,-116.0,2020,5
39.0,-116.0,2020,6
39.0,-116.0,2020,7
39.0,-116.0,2020,8
39.0,-116.0,2020,9
39.0,-116.0,2020,10
39.0,-116.0,2020,11
39.0,-116.0,2020,12
39.0,-116.0,2021,1
39.0,-116.0,2021,2
39.0,-116.0,2021,3
39.0,-116.0,2021,4
39.0,-116.0,2021,5
39.0,-116.0,2021,6
39.0,-116.0,2021,7
39.0,-116.0,2021,8
39.0,-116.0,2021,9
39.0,-116.0,2021,10
39.0,-116.0,2021,11
39.0,-116.0,2021,12
39.0,-115.0,2019,7
39.0,-115.0,2019,8
39.0,-115.0,2019,9
39.0,-115.0,2019,10
39.0,-115.0,2019,11
39.0,-115.0,2019,12
39.0,-115.0,2020,1
39.0,-115.0,2020,2
39.0,-115.0,2020,3
39.0,-115.0,2020,4
39.0,-115.0,2020,5
39.0,-115.0,2020,6
39.0,-115.0,2020,7
39.0,-115.0,2020,8
39.0,-115.0,2020,9
39.0,-115.0,2020,10
39.0,-115.0,2020,11
39.0,-115.0,2020,12
39.0,-115.0,2021,1
39.0,-115.0,2021,2
39.0,-115.0,2021,3
39.0,-115.0,2021,4
39.0,-115.0,2021,5
39.0,-115.0,2021,6
39.0,-115.0,2021,7
39.0,-115.0,2021,8
39.0,-115.0,2021,9
39.0,-115.0,2021,10
39.0,-115.0,2021,11
39.0,-115.0,2021,12
40.0,-125.0,2019,7
40.0,-125.0,2019,8
40.0,-125.0,2019,9
40.0,-125.0,2019,10
40.0,-125.0,2019,11
40.0,-125.0,2019,12
40.0,-125.0,2020,1
40.0,-125.0,2020,2
40.0,-125.0,2020,3
40.0,-125.0,2020,4
40.0,-125.0,2020,5
40.0,-125.0,2020,6
40.0,-125.0,2020,7
40.0,-125.0,2020,8
40.0,-125.0,2020,9
40.0,-125.0,2020,10
40.0,-125.0,2020,11
40.0,-125.0,2020,12
40.0,-125.0,2021,1
40.0,-125.0,2021,2
40.0,-125.0,2021,3
40.0,-125.0,2021,4
40.0,-125.0,2021,5
40.0,-125.0,2021,6
40.0,-125.0,2021,7
40.0,-125.0,2021,8
40.0,-125.0,2021,9
40.0,-125.0,2021,10
40.0,-125.0,2021,11
40.0,-125.0,2021,12
40.0,-124.0,2019,7
40.0,-124.0,2019,8
40.0,-124.0,2019,9
40.0,-124.0,2019,10
40.0,-124.0,2019,11
40.0,-124.0,2019,12
40.0,-124.0,2020,1
40.0,-124.0,2020,2
40.0,-124.0,2020,3
40.0,-124.0,2020,4
40.0,-124.0,2020,5
40.0,-124.0,2020,6
40.0,-124.0,2020,7
40.0,-124.0,2020,8
40.0,-124.0,2020,9
40.0,-124.0,2020,10
40.0,-124.0,2020,11
40.0,-124.0,2020,12
40.0,-124.0,2021,1
40.0,-124.0,2021,2
40.0,-124.0,2021,3
40.0,-124.0,2021,4
40.0,-124.0,2021,5
40.0,-124.0,2021,6
40.0,-124.0,2021,7
40.0,-124.0,2021,8
40.0,-124.0,2021,9
40.0,-124.0,2021,10
40.0,-124.0,2021,11
40.0,-124.0,2021,12
40.0,-123.0,2019,7
40.0,-123.0,2019,8
40.0,-123.0,2019,9
40.0,-123.0,2019,10
40.0,-123.0,2019,11
40.0,-123.0,2019,12
40.0,-123.0,2020,1
40.0,-123.0,2020,2
40.0,-123.0,2020,3
40.0,-123.0,2020,4
40.0,-123.0,2020,5
40.0,-123.0,2020,6
40.0,-123.0,2020,7
40.0,-123.0,2020,8
40.0,-123.0,2020,9
40.0,-123.0,2020,10
40.0,-123.0,2020,11
40.0,-123.0,2020,12
40.0,-123.0,2021,1
40.0,-123.0,2021,2
40.0,-123.0,2021,3
40.0,-123.0,2021,4
40.0,-123.0,2021,5
40.0,-123.0,2021,6
40.0,-123.0,2021,7
40.0,-123.0,2021,8
40.0,-123.0,2021,9
40.0,-123.0,2021,10
40.0,-123.0,2021,11
40.0,-123.0,2021,12
40.0,-122.0,2019,7
40.0,-122.0,2019,8
40.0,-122.0,2019,9
40.0,-122.0,2019,10
40.0,-122.0,2019,11
40.0,-122.0,2019,12
40.0,-122.0,2020,1
40.0,-122.0,2020,2
40.0,-122.0,2020,3
40.0,-122.0,2020,4
40.0,-122.0,2020,5
40.0,-122.0,2020,6
40.0,-122.0,2020,7
40.0,-122.0,2020,8
40.0,-122.0,2020,9
40.0,-122.0,2020,10
40.0,-122.0,2020,11
40.0,-122.0,2020,12
40.0,-122.0,2021,1
40.0,-122.0,2021,2
40.0,-122.0,2021,3
40.0,-122.0,2021,4
40.0,-122.0,2021,5
40.0,-122.0,2021,6
40.0,-122.0,2021,7
40.0,-122.0,2021,8
40.0,-122.0,2021,9
40.0,-122.0,2021,10
40.0,-122.0,2021,11
40.0,-122.0,2021,12
40.0,-121.0,2019,7
40.0,-121.0,2019,8
40.0,-121.0,2019,9
40.0,-121.0,2019,10
40.0,-121.0,2019,11
40.0,-121.0,2019,12
40.0,-121.0,2020,1
40.0,-121.0,2020,2
40.0,-121.0,2020,3
40.0,-121.0,2020,4
40.0,-121.0,2020,5
40.0,-121.0,2020,6
40.0,-121.0,2020,7
40.0,-121.0,2020,8
40.0,-121.0,2020,9
40.0,-121.0,2020,10
40.0,-121.0,2020,11
40.0,-121.0,2020,12
40.0,-121.0,2021,1
40.0,-121.0,2021,2
40.0,-121.0,2021,3
40.0,-121.0,2021,4
40.0,-121.0,2021,5
40.0,-121.0,2021,6
40.0,-121.0,2021,7
40.0,-121.0,2021,8
40.0,-121.0,2021,9
40.0,-121.0,2021,10
40.0,-121.0,2021,11
40.0,-121.0,2021,12
40.0,-120.0,2019,7
40.0,-120.0,2019,8
40.0,-120.0,2019,9
40.0,-120.0,2019,10
40.0,-120.0,2019,11
40.0,-120.0,2019,12
40.0,-120.0,2020,1
40.0,-120.0,2020,2
40.0,-120.0,2020,3
40.0,-120.0,2020,4
40.0,-120.0,2020,5
40.0,-120.0,2020,6
40.0,-120.0,2020,7
40.0,-120.0,2020,8
40.0,-120.0,2020,9
40.0,-120.0,2020,10
40.0,-120.0,2020,11
40.0,-120.0,2020,12
40.0,-120.0,2021,1
40.0,-120.0,2021,2
40.0,-120.0,2021,3
40.0,-120.0,2021,4
40.0,-120.0,2021,5
40.0,-120.0,2021,6
40.0,-120.0,2021,7
40.0,-120.0,2021,8
40.0,-120.0,2021,9
40.0,-120.0,2021,10
40.0,-120.0,2021,11
40.0,-120.0,2021,12
40.0,-119.0,2019,7
40.0,-119.0,2019,8
40.0,-119.0,2019,9
40.0,-119.0,2019,10
40.0,-119.0,2019,11
40.0,-119.0,2019,12
40.0,-119.0,2020,1
40.0,-119.0,2020,2
40.0,-119.0,2020,3
40.0,-119.0,2020,4
40.0,-119.0,2020,5
40.0,-119.0,2020,6
40.0,-119.0,2020,7
40.0,-119.0,2020,8
40.0,-119.0,2020,9
40.0,-119.0,2020,10
40.0,-119.0,2020,11
40.0,-119.0,2020,12
40.0,-119.0,2021,1
40.0,-119.0,2021,2
40.0,-119.0,2021,3
40.0,-119.0,2021,4
40.0,-119.0,2021,5
40.0,-119.0,2021,6
40.0,-119.0,2021,7
40.0,-119.0,2021,8
40.0,-119.0,2021,9
40.0,-119.0,2021,10
40.0,-119.0,2021,11
40.0,-119.0,2021,12
40.0,-118.0,2019,7
40.0,-118.0,2019,8
40.0,-118.0,2019,9
40.0,-118.0,2019,10
40.0,-118.0,2019,11
40.0,-118.0,2019,12
40.0,-118.0,2020,1
40.0,-118.0,2020,2
40.0,-118.0,2020,3
40.0,-118.0,2020,4
40.0,-118.0,2020,5
40.0,-118.0,2020,6
40.0,-118.0,2020,7
40.0,-118.0,2020,8
40.0,-118.0,2020,9
40.0,-118.0,2020,10
40.0,-118.0,2020,11
40.0,-118.0,2020,12
40.0,-118.0,2021,1
40.0,-118.0,2021,2
40.0,-118.0,2021,3
40.0,-118.0,2021,4
40.0,-118.0,2021,5
40.0,-118.0,2021,6
40.0,-118.0,2021,7
40.0,-118.0,2021,8
40.0,-118.0,2021,9
40.0,-118.0,2021,10
40.0,-118.0,2021,11
40.0,-118.0,2021,12
40.0,-117.0,2019,7
40.0,-117.0,2019,8
40.0,-117.0,2019,9
40.0,-117.0,2019,10
40.0,-117.0,2019,11
40.0,-117.0,2019,12
40.0,-117.0,2020,1
40.0,-117.0,2020,2
40.0,-117.0,2020,3
40.0,-117.0,2020,4
40.0,-117.0,2020,5
40.0,-117.0,2020,6
40.0,-117.0,2020,7
40.0,-117.0,2020,8
40.0,-117.0,2020,9
40.0,-117.0,2020,10
40.0,-117.0,2020,11
40.0,-117.0,2020,12
40.0,-117.0,2021,1
40.0,-117.0,2021,2
40.0,-117.0,2021,3
40.0,-117.0,2021,4
40.0,-117.0,2021,5
40.0,-117.0,2021,6
40.0,-117.0,2021,7
40.0,-117.0,2021,8
40.0,-117.0,2021,9
40.0,-117.0,2021,10
40.0,-117.0,2021,11
40.0,-117.0,2021,12
40.0,-116.0,2019,7
40.0,-116.0,2019,8
40.0,-116.0,2019,9
40.0,-116.0,2019,10
40.0,-116.0,2019,11
40.0,-116.0,2019,12
40.0,-116.0,2020,1
40.0,-116.0,2020,2
40.0,-116.0,2020,3
40.0,-116.0,2020,4
40.0,-116.0,2020,5
40.0,-116.0,2020,6
40.0,-116.0,2020,7
40.0,-116.0,2020,8
40.0,-116.0,2020,9
40.0,-116.0,2020,10
40.0,-116.0,2020,11
40.0,-116.0,2020,12
40.0,-116.0,2021,1
40.0,-116.0,2021,2
40.0,-116.0,2021,3
40.0,-116.0,2021,4
40.0,-116.0,2021,5
40.0,-116.0,2021,6
40.0,-116.0,2021,7
40.0,-116.0,2021,8
40.0,-116.0,2021,9
40.0,-116.0,2021,10
40.0,-116.0,2021,11
40.0,-116.0,2021,12
40.0,-115.0,2019,7
40.0,-115.0,2019,8
40.0,-115.0,2019,9
40.0,-115.0,2019,10
40.0,-115.0,2019,11
40.0,-115.0,2019,12
40.0,-115.0,2020,1
40.0,-115.0,2020,2
40.0,-115.0,2020,3
40.0,-115.0,2020,4
40.0,-115.0,2020,5
40.0,-115.0,2020,6
40.0,-115.0,2020,7
40.0,-115.0,2020,8
40.0,-115.0,2020,9
40.0,-115.0,2020,10
40.0,-115.0,2020,11
40.0,-115.0,2020,12
40.0,-115.0,2021,1
40.0,-115.0,2021,2
40.0,-115.0,2021,3
40.0,-115.0,2021,4
40.0,-115.0,2021,5
40.0,-115.0,2021,6
40.0,-115.0,2021,7
40.0,-115.0,2021,8
40.0,-115.0,2021,9
40.0,-115.0,2021,10
40.0,-115.0,2021,11
40.0,-115.0,2021,12
41.0,-124.0,2019,7
41.0,-124.0,2019,8
41.0,-124.0,2019,9
41.0,-124.0,2019,10
41.0,-124.0,2019,11
41.0,-124.0,2019,12
41.0,-124.0,2020,1
41.0,-124.0,2020,2
41.0,-124.0,2020,3
41.0,-124.0,2020,4
41.0,-124.0,2020,5
41.0,-124.0,2020,6
41.0,-124.0,2020,7
41.0,-124.0,2020,8
41.0,-124.0,2020,9
41.0,-124.0,2020,10
41.0,-124.0,2020,11
41.0,-124.0,2020,12
41.0,-124.0,2021,1
41.0,-124.0,2021,2
41.0,-124.0,2021,3
41.0,-124.0,2021,4
41.0,-124.0,2021,5
41.0,-124.0,2021,6
41.0,-124.0,2021,7
41.0,-124.0,2021,8
41.0,-124.0,2021,9
41.0,-124.0,2021,10
41.0,-124.0,2021,11
41.0,-124.0,2021,12
41.0,-123.0,2019,7
41.0,-123.0,2019,8
41.0,-123.0,2019,9
41.0,-123.0,2019,10
41.0,-123.0,2019,11
41.0,-123.0,2019,12
41.0,-123.0,2020,1
41.0,-123.0,2020,2
41.0,-123.0,2020,3
41.0,-123.0,2020,4
41.0,-123.0,2020,5
41.0,-123.0,2020,6
41.0,-123.0,2020,7
41.0,-123.0,2020,8
41.0,-123.0,2020,9
41.0,-123.0,2020,10
41.0,-123.0,2020,11
41.0,-123.0,2020,12
41.0,-123.0,2021,1
41.0,-123.0,2021,2
41.0,-123.0,2021,3
41.0,-123.0,2021,4
41.0,-123.0,2021,5
41.0,-123.0,2021,6
41.0,-123.0,2021,7
41.0,-123.0,2021,8
41.0,-123.0,2021,9
41.0,-123.0,2021,10
41.0,-123.0,2021,11
41.0,-123.0,2021,12
41.0,-122.0,2019,7
41.0,-122.0,2019,8
41.0,-122.0,2019,9
41.0,-122.0,2019,10
41.0,-122.0,2019,11
41.0,-122.0,2019,12
41.0,-122.0,2020,1
41.0,-122.0,2020,2
41.0,-122.0,2020,3
41.0,-122.0,2020,4
41.0,-122.0,2020,5
41.0,-122.0,2020,6
41.0,-122.0,2020,7
41.0,-122.0,2020,8
41.0,-122.0,2020,9
41.0,-122.0,2020,10
41.0,-122.0,2020,11
41.0,-122.0,2020,12
41.0,-122.0,2021,1
41.0,-122.0,2021,2
41.0,-122.0,2021,3
41.0,-122.0,2021,4
41.0,-122.0,2021,5
41.0,-122.0,2021,6
41.0,-122.0,2021,7
41.0,-122.0,2021,8
41.0,-122.0,2021,9
41.0,-122.0,2021,10
41.0,-122.0,2021,11
41.0,-122.0,2021,12
41.0,-121.0,2019,7
41.0,-121.0,2019,8
41.0,-121.0,2019,9
41.0,-121.0,2019,10
41.0,-121.0,2019,11
41.0,-121.0,2019,12
41.0,-121.0,2020,1
41.0,-121.0,2020,2
41.0,-121.0,2020,3
41.0,-121.0,2020,4
41.0,-121.0,2020,5
41.0,-121.0,2020,6
41.0,-121.0,2020,7
41.0,-121.0,2020,8
41.0,-121.0,2020,9
41.0,-121.0,2020,10
41.0,-121.0,2020,11
41.0,-121.0,2020,12
41.0,-121.0,2021,1
41.0,-121.0,2021,2
41.0,-121.0,2021,3
41.0,-121.0,2021,4
41.0,-121.0,2021,5
41.0,-121.0,2021,6
41.0,-121.0,2021,7
41.0,-121.0,2021,8
41.0,-121.0,2021,9
41.0,-121.0,2021,10
41.0,-121.0,2021,11
41.0,-121.0,2021,12
41.0,-120.0,2019,7
41.0,-120.0,2019,8
41.0,-120.0,2019,9
41.0,-120.0,2019,10
41.0,-120.0,2019,11
41.0,-120.0,2019,12
41.0,-120.0,2020,1
41.0,-120.0,2020,2
41.0,-120.0,2020,3
41.0,-120.0,2020,4
41.0,-120.0,2020,5
41.0,-120.0,2020,6
41.0,-120.0,2020,7
41.0,-120.0,2020,8
41.0,-120.0,2020,9
41.0,-120.0,2020,10
41.0,-120.0,2020,11
41.0,-120.0,2020,12
41.0,-120.0,2021,1
41.0,-120.0,2021,2
41.0,-120.0,2021,3
41.0,-120.0,2021,4
41.0,-120.0,2021,5
41.0,-120.0,2021,6
41.0,-120.0,2021,7
41.0,-120.0,2021,8
41.0,-120.0,2021,9
41.0,-120.0,2021,10
41.0,-120.0,2021,11
41.0,-120.0,2021,12
41.0,-119.0,2019,7
41.0,-119.0,2019,8
41.0,-119.0,2019,9
41.0,-119.0,2019,10
41.0,-119.0,2019,11
41.0,-119.0,2019,12
41.0,-119.0,2020,1
41.0,-119.0,2020,2
41.0,-119.0,2020,3
41.0,-119.0,2020,4
41.0,-119.0,2020,5
41.0,-119.0,2020,6
41.0,-119.0,2020,7
41.0,-119.0,2020,8
41.0,-119.0,2020,9
41.0,-119.0,2020,10
41.0,-119.0,2020,11
41.0,-119.0,2020,12
41.0,-119.0,2021,1
41.0,-119.0,2021,2
41.0,-119.0,2021,3
41.0,-119.0,2021,4
41.0,-119.0,2021,5
41.0,-119.0,2021,6
41.0,-119.0,2021,7
41.0,-119.0,2021,8
41.0,-119.0,2021,9
41.0,-119.0,2021,10
41.0,-119.0,2021,11
41.0,-119.0,2021,12
41.0,-118.0,2019,7
41.0,-118.0,2019,8
41.0,-118.0,2019,9
41.0,-118.0,2019,10
41.0,-118.0,2019,11
41.0,-118.0,2019,12
41.0,-118.0,2020,1
41.0,-118.0,2020,2
41.0,-118.0,2020,3
41.0,-118.0,2020,4
41.0,-118.0,2020,5
41.0,-118.0,2020,6
41.0,-118.0,2020,7
41.0,-118.0,2020,8
41.0,-118.0,2020,9
41.0,-118.0,2020,10
41.0,-118.0,2020,11
41.0,-118.0,2020,12
41.0,-118.0,2021,1
41.0,-118.0,2021,2
41.0,-118.0,2021,3
41.0,-118.0,2021,4
41.0,-118.0,2021,5
41.0,-118.0,2021,6
41.0,-118.0,2021,7
41.0,-118.0,2021,8
41.0,-118.0,2021,9
41.0,-118.0,2021,10
41.0,-118.0,2021,11
41.0,-118.0,2021,12
41.0,-117.0,2019,7
41.0,-117.0,2019,8
41.0,-117.0,2019,9
41.0,-117.0,2019,10
41.0,-117.0,2019,11
41.0,-117.0,2019,12
41.0,-117.0,2020,1
41.0,-117.0,2020,2
41.0,-117.0,2020,3
41.0,-117.0,2020,4
41.0,-117.0,2020,5
41.0,-117.0,2020,6
41.0,-117.0,2020,7
41.0,-117.0,2020,8
41.0,-117.0,2020,9
41.0,-117.0,2020,10
41.0,-117.0,2020,11
41.0,-117.0,2020,12
41.0,-117.0,2021,1
41.0,-117.0,2021,2
41.0,-117.0,2021,3
41.0,-117.0,2021,4
41.0,-117.0,2021,5
41.0,-117.0,2021,6
41.0,-117.0,2021,7
41.0,-117.0,2021,8
41.0,-117.0,2021,9
41.0,-117.0,2021,10
41.0,-117.0,2021,11
41.0,-117.0,2021,12
41.0,-116.0,2019,7
41.0,-116.0,2019,8
41.0,-116.0,2019,9
41.0,-116.0,2019,10
41.0,-116.0,2019,11
41.0,-116.0,2019,12
41.0,-116.0,2020,1
41.0,-116.0,2020,2
41.0,-116.0,2020,3
41.0,-116.0,2020,4
41.0,-116.0,2020,5
41.0,-116.0,2020,6
41.0,-116.0,2020,7
41.0,-116.0,2020,8
41.0,-116.0,2020,9
41.0,-116.0,2020,10
41.0,-116.0,2020,11
41.0,-116.0,2020,12
41.0,-116.0,2021,1
41.0,-116.0,2021,2
41.0,-116.0,2021,3
41.0,-116.0,2021,4
41.0,-116.0,2021,5
41.0,-116.0,2021,6
41.0,-116.0,2021,7
41.0,-116.0,2021,8
41.0,-116.0,2021,9
41.0,-116.0,2021,10
41.0,-116.0,2021,11
41.0,-116.0,2021,12
41.0,-115.0,2019,7
41.0,-115.0,2019,8
41.0,-115.0,2019,9
41.0,-115.0,2019,10
41.0,-115.0,2019,11
41.0,-115.0,2019,12
41.0,-115.0,2020,1
41.0,-115.0,2020,2
41.0,-115.0,2020,3
41.0,-115.0,2020,4
41.0,-115.0,2020,5
41.0,-115.0,2020,6
41.0,-115.0,2020,7
41.0,-115.0,2020,8
41.0,-115.0,2020,9
41.0,-115.0,2020,10
41.0,-115.0,2020,11
41.0,-115.0,2020,12
41.0,-115.0,2021,1
41.0,-115.0,2021,2
41.0,-115.0,2021,3
41.0,-115.0,2021,4
41.0,-115.0,2021,5
41.0,-115.0,2021,6
41.0,-115.0,2021,7
41.0,-115.0,2021,8
41.0,-115.0,2021,9
41.0,-115.0,2021,10
41.0,-115.0,2021,11
41.0,-115.0,2021,12
